activation,optimizer,epoch,loss,type
ReLU,SGD,1,0.9274054009223216,Single
ReLU,SGD,2,0.7282957299466023,Single
ReLU,SGD,3,0.5864843497290101,Single
ReLU,SGD,4,0.555513725267913,Single
ReLU,SGD,5,0.43748345468066546,Single
ReLU,SGD,6,0.3494917886461554,Single
ReLU,SGD,7,0.28655123299071833,Single
ReLU,SGD,8,0.3526684949287045,Single
ReLU,SGD,9,0.23775887503793852,Single
ReLU,SGD,10,0.25467776490917926,Single
ReLU,Adam,1,0.8755323582605797,Single
ReLU,Adam,2,0.7170549129467891,Single
ReLU,Adam,3,0.6584772650241513,Single
ReLU,Adam,4,0.47559777195725506,Single
ReLU,Adam,5,0.43924647811564943,Single
ReLU,Adam,6,0.3843501151629688,Single
ReLU,Adam,7,0.30728259627574,Single
ReLU,Adam,8,0.29007052058808114,Single
ReLU,Adam,9,0.2591723783244833,Single
ReLU,Adam,10,0.23622335484576457,Single
ReLU,AdamW,1,0.8910431842724862,Single
ReLU,AdamW,2,0.7747277742405867,Single
ReLU,AdamW,3,0.5586142174597815,Single
ReLU,AdamW,4,0.5338688981264398,Single
ReLU,AdamW,5,0.4576782212087032,Single
ReLU,AdamW,6,0.3608528857864115,Single
ReLU,AdamW,7,0.37380162517667126,Single
ReLU,AdamW,8,0.3102222570945995,Single
ReLU,AdamW,9,0.2536373606402126,Single
ReLU,AdamW,10,0.19446461394607784,Single
ReLU,RAdam,1,0.829158381787084,Single
ReLU,RAdam,2,0.7384981643733187,Single
ReLU,RAdam,3,0.6080260188665496,Single
ReLU,RAdam,4,0.4608067248997793,Single
ReLU,RAdam,5,0.4515936586280734,Single
ReLU,RAdam,6,0.3246773404282595,Single
ReLU,RAdam,7,0.3325878309080304,Single
ReLU,RAdam,8,0.25388292798674567,Single
ReLU,RAdam,9,0.24234026601802894,Single
ReLU,RAdam,10,0.23268393863693418,Single
ReLU,Sophia,1,0.8702339502236466,Single
ReLU,Sophia,2,0.7590040821817516,Single
ReLU,Sophia,3,0.6142965804506707,Single
ReLU,Sophia,4,0.5059577027849382,Single
ReLU,Sophia,5,0.504240117879422,Single
ReLU,Sophia,6,0.39867676146604064,Single
ReLU,Sophia,7,0.4013244857146043,Single
ReLU,Sophia,8,0.23858049804904577,Single
ReLU,Sophia,9,0.21042211993998108,Single
ReLU,Sophia,10,0.21656750180939885,Single
ReLU,LAMB,1,0.8593053075054523,Single
ReLU,LAMB,2,0.7125659619710286,Single
ReLU,LAMB,3,0.6364178642865063,Single
ReLU,LAMB,4,0.508299839258703,Single
ReLU,LAMB,5,0.44854566077753594,Single
ReLU,LAMB,6,0.35858845290429275,Single
ReLU,LAMB,7,0.34538692015208344,Single
ReLU,LAMB,8,0.28969156306456506,Single
ReLU,LAMB,9,0.3025871826398508,Single
ReLU,LAMB,10,0.21064411619015147,Single
Swish,SGD,1,0.874555017494147,Single
Swish,SGD,2,0.7534735686155605,Single
Swish,SGD,3,0.5842881469313335,Single
Swish,SGD,4,0.5379620885428897,Single
Swish,SGD,5,0.45860961316489673,Single
Swish,SGD,6,0.35976465011190767,Single
Swish,SGD,7,0.3891962823930357,Single
Swish,SGD,8,0.25752009658687824,Single
Swish,SGD,9,0.2590058781794101,Single
Swish,SGD,10,0.23297867498553354,Single
Swish,Adam,1,0.9064346217161338,Single
Swish,Adam,2,0.7155018561781851,Single
Swish,Adam,3,0.6069630566095034,Single
Swish,Adam,4,0.5686453929548668,Single
Swish,Adam,5,0.4395480975157671,Single
Swish,Adam,6,0.3561599117341778,Single
Swish,Adam,7,0.2797518684081787,Single
Swish,Adam,8,0.30940769430397486,Single
Swish,Adam,9,0.2732240582502811,Single
Swish,Adam,10,0.2629291768443196,Single
Swish,AdamW,1,0.8301300333011672,Single
Swish,AdamW,2,0.7345574568113206,Single
Swish,AdamW,3,0.6515910536744913,Single
Swish,AdamW,4,0.5639886640494396,Single
Swish,AdamW,5,0.5114773693586677,Single
Swish,AdamW,6,0.3927384928264296,Single
Swish,AdamW,7,0.2639726628225522,Single
Swish,AdamW,8,0.330923472760119,Single
Swish,AdamW,9,0.21541818930646167,Single
Swish,AdamW,10,0.15567115308299936,Single
Swish,RAdam,1,0.8407150047324226,Single
Swish,RAdam,2,0.7036609093561051,Single
Swish,RAdam,3,0.6870925738825119,Single
Swish,RAdam,4,0.5805248866675745,Single
Swish,RAdam,5,0.4904068334241275,Single
Swish,RAdam,6,0.40119884622978597,Single
Swish,RAdam,7,0.3220835136893432,Single
Swish,RAdam,8,0.2648541788950389,Single
Swish,RAdam,9,0.2224593856741447,Single
Swish,RAdam,10,0.1895778206133705,Single
Swish,Sophia,1,0.912152148059022,Single
Swish,Sophia,2,0.7868732827062327,Single
Swish,Sophia,3,0.6428420141549408,Single
Swish,Sophia,4,0.519673832045597,Single
Swish,Sophia,5,0.5118195171576303,Single
Swish,Sophia,6,0.41132984359012226,Single
Swish,Sophia,7,0.29820337642212386,Single
Swish,Sophia,8,0.32985130672538576,Single
Swish,Sophia,9,0.3092365607757449,Single
Swish,Sophia,10,0.2402903066074543,Single
Swish,LAMB,1,0.9099815729664626,Single
Swish,LAMB,2,0.8060935280491623,Single
Swish,LAMB,3,0.6414728317883223,Single
Swish,LAMB,4,0.5424515302280689,Single
Swish,LAMB,5,0.43437612375954116,Single
Swish,LAMB,6,0.3599792014479313,Single
Swish,LAMB,7,0.33865940273774875,Single
Swish,LAMB,8,0.2874106697560931,Single
Swish,LAMB,9,0.23394863108441682,Single
Swish,LAMB,10,0.1908090345628942,Single
GELU,SGD,1,0.8798490443935214,Single
GELU,SGD,2,0.7513473869404937,Single
GELU,SGD,3,0.6456563169198263,Single
GELU,SGD,4,0.5036967005513009,Single
GELU,SGD,5,0.45662470752922424,Single
GELU,SGD,6,0.39627013433564384,Single
GELU,SGD,7,0.30516301471197504,Single
GELU,SGD,8,0.31180864160493815,Single
GELU,SGD,9,0.21818507800538373,Single
GELU,SGD,10,0.2304180020600166,Single
GELU,Adam,1,0.8961685306091114,Single
GELU,Adam,2,0.6911155924947575,Single
GELU,Adam,3,0.6920902721118296,Single
GELU,Adam,4,0.566001175506582,Single
GELU,Adam,5,0.45571610364232734,Single
GELU,Adam,6,0.4281011715704788,Single
GELU,Adam,7,0.31055893176960236,Single
GELU,Adam,8,0.24338586286948116,Single
GELU,Adam,9,0.22313261177014354,Single
GELU,Adam,10,0.21777616207276781,Single
GELU,AdamW,1,0.8852190552748128,Single
GELU,AdamW,2,0.6866053493334884,Single
GELU,AdamW,3,0.6383247995640355,Single
GELU,AdamW,4,0.4962769335029268,Single
GELU,AdamW,5,0.484320799847993,Single
GELU,AdamW,6,0.41714934351629607,Single
GELU,AdamW,7,0.34081758566712866,Single
GELU,AdamW,8,0.2904145175530784,Single
GELU,AdamW,9,0.19759307250144256,Single
GELU,AdamW,10,0.22229312440938032,Single
GELU,RAdam,1,0.9325003801509517,Single
GELU,RAdam,2,0.7501024787135311,Single
GELU,RAdam,3,0.6102517572792555,Single
GELU,RAdam,4,0.5117164989867867,Single
GELU,RAdam,5,0.4820781082773461,Single
GELU,RAdam,6,0.35467799874989125,Single
GELU,RAdam,7,0.33745842406214666,Single
GELU,RAdam,8,0.3110218041725499,Single
GELU,RAdam,9,0.24433248514297334,Single
GELU,RAdam,10,0.25831378691411505,Single
GELU,Sophia,1,0.8687712534851684,Single
GELU,Sophia,2,0.755832527002931,Single
GELU,Sophia,3,0.6283571579276813,Single
GELU,Sophia,4,0.5452310099213156,Single
GELU,Sophia,5,0.49524027952059957,Single
GELU,Sophia,6,0.38397436883407465,Single
GELU,Sophia,7,0.29910572475525654,Single
GELU,Sophia,8,0.3100674246383943,Single
GELU,Sophia,9,0.2385040973221524,Single
GELU,Sophia,10,0.18230574904985747,Single
GELU,LAMB,1,0.8540127665508134,Single
GELU,LAMB,2,0.783926188491433,Single
GELU,LAMB,3,0.6556249011527243,Single
GELU,LAMB,4,0.4982437856276286,Single
GELU,LAMB,5,0.42539636845189016,Single
GELU,LAMB,6,0.3963014990667122,Single
GELU,LAMB,7,0.3395781551812592,Single
GELU,LAMB,8,0.2870319678697871,Single
GELU,LAMB,9,0.22563791757299187,Single
GELU,LAMB,10,0.2471060664710515,Single
PAReLU,SGD,1,0.9168210634983774,Single
PAReLU,SGD,2,0.7677510035341192,Single
PAReLU,SGD,3,0.678160989069336,Single
PAReLU,SGD,4,0.5882054101579942,Single
PAReLU,SGD,5,0.41917933701518634,Single
PAReLU,SGD,6,0.39737235998680775,Single
PAReLU,SGD,7,0.3503295130120215,Single
PAReLU,SGD,8,0.28158352374919177,Single
PAReLU,SGD,9,0.16643195111579095,Single
PAReLU,SGD,10,0.25435338737131924,Single
PAReLU,Adam,1,0.9240287611631872,Single
PAReLU,Adam,2,0.6964465687876176,Single
PAReLU,Adam,3,0.6170016784051043,Single
PAReLU,Adam,4,0.554337528594235,Single
PAReLU,Adam,5,0.4522224338172258,Single
PAReLU,Adam,6,0.395180125291605,Single
PAReLU,Adam,7,0.3908601310907133,Single
PAReLU,Adam,8,0.296766555852505,Single
PAReLU,Adam,9,0.26194632563403,Single
PAReLU,Adam,10,0.222065952082321,Single
PAReLU,AdamW,1,0.8480560501334135,Single
PAReLU,AdamW,2,0.7529843040964714,Single
PAReLU,AdamW,3,0.566009191493753,Single
PAReLU,AdamW,4,0.5361864493606825,Single
PAReLU,AdamW,5,0.43947856577260935,Single
PAReLU,AdamW,6,0.32175493358923135,Single
PAReLU,AdamW,7,0.2986454577903332,Single
PAReLU,AdamW,8,0.23136289301477514,Single
PAReLU,AdamW,9,0.2499686280570595,Single
PAReLU,AdamW,10,0.21258663882550538,Single
PAReLU,RAdam,1,0.8774566787169549,Single
PAReLU,RAdam,2,0.7818874531083555,Single
PAReLU,RAdam,3,0.606106074017763,Single
PAReLU,RAdam,4,0.5376885504699958,Single
PAReLU,RAdam,5,0.4611678304383155,Single
PAReLU,RAdam,6,0.416017908908993,Single
PAReLU,RAdam,7,0.3292292380385801,Single
PAReLU,RAdam,8,0.276215039297325,Single
PAReLU,RAdam,9,0.18751878016168597,Single
PAReLU,RAdam,10,0.1659965562846786,Single
PAReLU,Sophia,1,0.9012024265089958,Single
PAReLU,Sophia,2,0.7910694514993812,Single
PAReLU,Sophia,3,0.6233466668102419,Single
PAReLU,Sophia,4,0.5044783589171858,Single
PAReLU,Sophia,5,0.49421845844622064,Single
PAReLU,Sophia,6,0.4005094558064705,Single
PAReLU,Sophia,7,0.3344970846384465,Single
PAReLU,Sophia,8,0.28163655214107686,Single
PAReLU,Sophia,9,0.2813645141160667,Single
PAReLU,Sophia,10,0.2579952811699968,Single
PAReLU,LAMB,1,0.9208268253246396,Single
PAReLU,LAMB,2,0.7441074071758296,Single
PAReLU,LAMB,3,0.6151540713397856,Single
PAReLU,LAMB,4,0.49655567802066164,Single
PAReLU,LAMB,5,0.43190282544069875,Single
PAReLU,LAMB,6,0.4040123531169554,Single
PAReLU,LAMB,7,0.40031495453272375,Single
PAReLU,LAMB,8,0.23540254148022852,Single
PAReLU,LAMB,9,0.2572964141385955,Single
PAReLU,LAMB,10,0.18414858910791504,Single
DynamicSwish,SGD,1,0.9011482821001242,Single
DynamicSwish,SGD,2,0.7679219344349354,Single
DynamicSwish,SGD,3,0.6067037960208252,Single
DynamicSwish,SGD,4,0.5027131544227038,Single
DynamicSwish,SGD,5,0.4892443975869368,Single
DynamicSwish,SGD,6,0.38045662617455,Single
DynamicSwish,SGD,7,0.37156888042666236,Single
DynamicSwish,SGD,8,0.2327059882200025,Single
DynamicSwish,SGD,9,0.2733091925844099,Single
DynamicSwish,SGD,10,0.25135216154867107,Single
DynamicSwish,Adam,1,0.854988324068285,Single
DynamicSwish,Adam,2,0.7772170350540359,Single
DynamicSwish,Adam,3,0.6398085263485819,Single
DynamicSwish,Adam,4,0.517316733155118,Single
DynamicSwish,Adam,5,0.4736715439181508,Single
DynamicSwish,Adam,6,0.38513949543867065,Single
DynamicSwish,Adam,7,0.3541493697486474,Single
DynamicSwish,Adam,8,0.2827046235089188,Single
DynamicSwish,Adam,9,0.278241891792611,Single
DynamicSwish,Adam,10,0.23403419197185693,Single
DynamicSwish,AdamW,1,0.8947039443424304,Single
DynamicSwish,AdamW,2,0.7313698973225483,Single
DynamicSwish,AdamW,3,0.6902423358952664,Single
DynamicSwish,AdamW,4,0.5554283080187582,Single
DynamicSwish,AdamW,5,0.4854530241353695,Single
DynamicSwish,AdamW,6,0.3611770528614933,Single
DynamicSwish,AdamW,7,0.31867939691346137,Single
DynamicSwish,AdamW,8,0.25959429204939843,Single
DynamicSwish,AdamW,9,0.27749306710332494,Single
DynamicSwish,AdamW,10,0.2485151339506852,Single
DynamicSwish,RAdam,1,0.8561152474629014,Single
DynamicSwish,RAdam,2,0.7083326836113808,Single
DynamicSwish,RAdam,3,0.6504637040984302,Single
DynamicSwish,RAdam,4,0.5472925888310076,Single
DynamicSwish,RAdam,5,0.42286797711526186,Single
DynamicSwish,RAdam,6,0.3914572890213887,Single
DynamicSwish,RAdam,7,0.3387660895335478,Single
DynamicSwish,RAdam,8,0.2781197954780039,Single
DynamicSwish,RAdam,9,0.20999548952818803,Single
DynamicSwish,RAdam,10,0.2299214763120018,Single
DynamicSwish,Sophia,1,0.8395688207968347,Single
DynamicSwish,Sophia,2,0.7358136895799069,Single
DynamicSwish,Sophia,3,0.6561306786646548,Single
DynamicSwish,Sophia,4,0.5671092843712251,Single
DynamicSwish,Sophia,5,0.4236068449918126,Single
DynamicSwish,Sophia,6,0.34357776212090235,Single
DynamicSwish,Sophia,7,0.35003132095073913,Single
DynamicSwish,Sophia,8,0.27274082700206026,Single
DynamicSwish,Sophia,9,0.2584361379638656,Single
DynamicSwish,Sophia,10,0.19500516827157405,Single
DynamicSwish,LAMB,1,0.8914358595697786,Single
DynamicSwish,LAMB,2,0.7033072332533585,Single
DynamicSwish,LAMB,3,0.599169222259671,Single
DynamicSwish,LAMB,4,0.5612686530130744,Single
DynamicSwish,LAMB,5,0.43626654515926155,Single
DynamicSwish,LAMB,6,0.3238526017998043,Single
DynamicSwish,LAMB,7,0.38890790433068223,Single
DynamicSwish,LAMB,8,0.3070739014957734,Single
DynamicSwish,LAMB,9,0.26871586938308817,Single
DynamicSwish,LAMB,10,0.2603346586356893,Single
AdaptiveGELUMish,SGD,1,0.90585357090364,Single
AdaptiveGELUMish,SGD,2,0.7067858391746134,Single
AdaptiveGELUMish,SGD,3,0.5879583522956697,Single
AdaptiveGELUMish,SGD,4,0.4675310034025092,Single
AdaptiveGELUMish,SGD,5,0.4240234852578272,Single
AdaptiveGELUMish,SGD,6,0.40234124692720313,Single
AdaptiveGELUMish,SGD,7,0.3576165988414489,Single
AdaptiveGELUMish,SGD,8,0.2516288834205486,Single
AdaptiveGELUMish,SGD,9,0.25952531986841304,Single
AdaptiveGELUMish,SGD,10,0.1911686388549742,Single
AdaptiveGELUMish,Adam,1,0.9364315499706642,Single
AdaptiveGELUMish,Adam,2,0.7254080415003102,Single
AdaptiveGELUMish,Adam,3,0.663193266058324,Single
AdaptiveGELUMish,Adam,4,0.5300670672368363,Single
AdaptiveGELUMish,Adam,5,0.38531457861992663,Single
AdaptiveGELUMish,Adam,6,0.3275430250201031,Single
AdaptiveGELUMish,Adam,7,0.3195349753027864,Single
AdaptiveGELUMish,Adam,8,0.30357672343503384,Single
AdaptiveGELUMish,Adam,9,0.24232802115683824,Single
AdaptiveGELUMish,Adam,10,0.23677549495526506,Single
AdaptiveGELUMish,AdamW,1,0.9380361966492491,Single
AdaptiveGELUMish,AdamW,2,0.7600046219268798,Single
AdaptiveGELUMish,AdamW,3,0.648244510225015,Single
AdaptiveGELUMish,AdamW,4,0.4880142521493705,Single
AdaptiveGELUMish,AdamW,5,0.4429033136853694,Single
AdaptiveGELUMish,AdamW,6,0.3787555043232319,Single
AdaptiveGELUMish,AdamW,7,0.30549943623910186,Single
AdaptiveGELUMish,AdamW,8,0.3034490496251394,Single
AdaptiveGELUMish,AdamW,9,0.25450074762466646,Single
AdaptiveGELUMish,AdamW,10,0.20703898687947206,Single
AdaptiveGELUMish,RAdam,1,0.9090492817431249,Single
AdaptiveGELUMish,RAdam,2,0.7168113871189801,Single
AdaptiveGELUMish,RAdam,3,0.6207843635284969,Single
AdaptiveGELUMish,RAdam,4,0.5571799200120907,Single
AdaptiveGELUMish,RAdam,5,0.48464334896140676,Single
AdaptiveGELUMish,RAdam,6,0.3642240761827099,Single
AdaptiveGELUMish,RAdam,7,0.31855783503301077,Single
AdaptiveGELUMish,RAdam,8,0.3061022252644643,Single
AdaptiveGELUMish,RAdam,9,0.26060629263777957,Single
AdaptiveGELUMish,RAdam,10,0.23852676898594954,Single
AdaptiveGELUMish,Sophia,1,0.9014798379759197,Single
AdaptiveGELUMish,Sophia,2,0.718812707012878,Single
AdaptiveGELUMish,Sophia,3,0.6612274110572649,Single
AdaptiveGELUMish,Sophia,4,0.5168663902293612,Single
AdaptiveGELUMish,Sophia,5,0.39981417198666724,Single
AdaptiveGELUMish,Sophia,6,0.3657980276466667,Single
AdaptiveGELUMish,Sophia,7,0.2910509960774554,Single
AdaptiveGELUMish,Sophia,8,0.29402471047445733,Single
AdaptiveGELUMish,Sophia,9,0.27353703364147003,Single
AdaptiveGELUMish,Sophia,10,0.25642971549325355,Single
AdaptiveGELUMish,LAMB,1,0.8843939509569899,Single
AdaptiveGELUMish,LAMB,2,0.7118460820597922,Single
AdaptiveGELUMish,LAMB,3,0.5957862330917661,Single
AdaptiveGELUMish,LAMB,4,0.5797160192355536,Single
AdaptiveGELUMish,LAMB,5,0.5068768866128477,Single
AdaptiveGELUMish,LAMB,6,0.4061917502961515,Single
AdaptiveGELUMish,LAMB,7,0.3564035390599626,Single
AdaptiveGELUMish,LAMB,8,0.26382281857502077,Single
AdaptiveGELUMish,LAMB,9,0.27271135631429116,Single
AdaptiveGELUMish,LAMB,10,0.18645920670090374,Single
ReLU,SGD+Adam,1,0.8748325136947568,Combo
ReLU,SGD+Adam,2,0.8148842626024139,Combo
ReLU,SGD+Adam,3,0.6494662579866063,Combo
ReLU,SGD+Adam,4,0.5761718955171667,Combo
ReLU,SGD+Adam,5,0.4520052238070063,Combo
ReLU,SGD+Adam,6,0.46015503739647545,Combo
ReLU,SGD+Adam,7,0.36548014944031504,Combo
ReLU,SGD+Adam,8,0.3140159225848628,Combo
ReLU,SGD+Adam,9,0.2793509952453143,Combo
ReLU,SGD+Adam,10,0.28439414130619406,Combo
ReLU,AdamW+RAdam,1,0.9370926202173586,Combo
ReLU,AdamW+RAdam,2,0.7874209933651876,Combo
ReLU,AdamW+RAdam,3,0.6915846270623438,Combo
ReLU,AdamW+RAdam,4,0.6045126973198975,Combo
ReLU,AdamW+RAdam,5,0.5120811883518184,Combo
ReLU,AdamW+RAdam,6,0.45193779247386245,Combo
ReLU,AdamW+RAdam,7,0.40201570178340473,Combo
ReLU,AdamW+RAdam,8,0.37580085523587403,Combo
ReLU,AdamW+RAdam,9,0.27856334188045956,Combo
ReLU,AdamW+RAdam,10,0.29600513821460617,Combo
ReLU,SGD+Adam+RAdam,1,0.9224512726590203,Combo
ReLU,SGD+Adam+RAdam,2,0.8330496161103219,Combo
ReLU,SGD+Adam+RAdam,3,0.6934147398347028,Combo
ReLU,SGD+Adam+RAdam,4,0.5647985550309137,Combo
ReLU,SGD+Adam+RAdam,5,0.4993898366163564,Combo
ReLU,SGD+Adam+RAdam,6,0.4196891832966057,Combo
ReLU,SGD+Adam+RAdam,7,0.36482311453789407,Combo
ReLU,SGD+Adam+RAdam,8,0.31762184645577757,Combo
ReLU,SGD+Adam+RAdam,9,0.3173262848999498,Combo
ReLU,SGD+Adam+RAdam,10,0.3271363532158046,Combo
Swish,SGD+Adam,1,0.9004298796662354,Combo
Swish,SGD+Adam,2,0.7956975352087217,Combo
Swish,SGD+Adam,3,0.6896668022476934,Combo
Swish,SGD+Adam,4,0.6264067761106843,Combo
Swish,SGD+Adam,5,0.4942539295205406,Combo
Swish,SGD+Adam,6,0.44804228336089613,Combo
Swish,SGD+Adam,7,0.4546082185756948,Combo
Swish,SGD+Adam,8,0.3235179068728049,Combo
Swish,SGD+Adam,9,0.2696635067955719,Combo
Swish,SGD+Adam,10,0.3001724282581684,Combo
Swish,AdamW+RAdam,1,0.9576124216124997,Combo
Swish,AdamW+RAdam,2,0.7658621911185434,Combo
Swish,AdamW+RAdam,3,0.6850990277123629,Combo
Swish,AdamW+RAdam,4,0.5636901802354546,Combo
Swish,AdamW+RAdam,5,0.5301841064679892,Combo
Swish,AdamW+RAdam,6,0.43216638854335476,Combo
Swish,AdamW+RAdam,7,0.3601033498920773,Combo
Swish,AdamW+RAdam,8,0.32567539043931026,Combo
Swish,AdamW+RAdam,9,0.26809135404721895,Combo
Swish,AdamW+RAdam,10,0.20839108148086172,Combo
Swish,SGD+Adam+RAdam,1,0.9375630107883062,Combo
Swish,SGD+Adam+RAdam,2,0.8243582952091488,Combo
Swish,SGD+Adam+RAdam,3,0.6872605779748273,Combo
Swish,SGD+Adam+RAdam,4,0.5554672323523059,Combo
Swish,SGD+Adam+RAdam,5,0.4581871200100815,Combo
Swish,SGD+Adam+RAdam,6,0.48631315933130337,Combo
Swish,SGD+Adam+RAdam,7,0.42103917072951347,Combo
Swish,SGD+Adam+RAdam,8,0.3049736281079832,Combo
Swish,SGD+Adam+RAdam,9,0.26801575202802047,Combo
Swish,SGD+Adam+RAdam,10,0.22927752337717053,Combo
GELU,SGD+Adam,1,0.8562008763494006,Combo
GELU,SGD+Adam,2,0.7776592346664369,Combo
GELU,SGD+Adam,3,0.7300574278089311,Combo
GELU,SGD+Adam,4,0.5795093919439608,Combo
GELU,SGD+Adam,5,0.5266020344030417,Combo
GELU,SGD+Adam,6,0.48959931255597466,Combo
GELU,SGD+Adam,7,0.3738226713694505,Combo
GELU,SGD+Adam,8,0.3449237887779014,Combo
GELU,SGD+Adam,9,0.2954091609122078,Combo
GELU,SGD+Adam,10,0.30137096622250364,Combo
GELU,AdamW+RAdam,1,0.8980943849557697,Combo
GELU,AdamW+RAdam,2,0.829314799199558,Combo
GELU,AdamW+RAdam,3,0.6861917035341282,Combo
GELU,AdamW+RAdam,4,0.5703973112528666,Combo
GELU,AdamW+RAdam,5,0.5263171244720025,Combo
GELU,AdamW+RAdam,6,0.4356539092209134,Combo
GELU,AdamW+RAdam,7,0.3664160115373881,Combo
GELU,AdamW+RAdam,8,0.35471535518623115,Combo
GELU,AdamW+RAdam,9,0.3156545135277595,Combo
GELU,AdamW+RAdam,10,0.2591048271018386,Combo
GELU,SGD+Adam+RAdam,1,0.8727392937613836,Combo
GELU,SGD+Adam+RAdam,2,0.7883822121069679,Combo
GELU,SGD+Adam+RAdam,3,0.721918610851056,Combo
GELU,SGD+Adam+RAdam,4,0.553833868848991,Combo
GELU,SGD+Adam+RAdam,5,0.5501124231260532,Combo
GELU,SGD+Adam+RAdam,6,0.48087211651446493,Combo
GELU,SGD+Adam+RAdam,7,0.3992976086551729,Combo
GELU,SGD+Adam+RAdam,8,0.36813481324020714,Combo
GELU,SGD+Adam+RAdam,9,0.2516422258131238,Combo
GELU,SGD+Adam+RAdam,10,0.19772908097337052,Combo
PAReLU,SGD+Adam,1,0.9253005393990367,Combo
PAReLU,SGD+Adam,2,0.770525484813187,Combo
PAReLU,SGD+Adam,3,0.6870444427358197,Combo
PAReLU,SGD+Adam,4,0.6410618634371833,Combo
PAReLU,SGD+Adam,5,0.54299811349091,Combo
PAReLU,SGD+Adam,6,0.3766801402431767,Combo
PAReLU,SGD+Adam,7,0.41389785996228007,Combo
PAReLU,SGD+Adam,8,0.35214060805472397,Combo
PAReLU,SGD+Adam,9,0.3482049938711566,Combo
PAReLU,SGD+Adam,10,0.2826415213467722,Combo
PAReLU,AdamW+RAdam,1,0.922144498373113,Combo
PAReLU,AdamW+RAdam,2,0.7547869178885069,Combo
PAReLU,AdamW+RAdam,3,0.6942669435520757,Combo
PAReLU,AdamW+RAdam,4,0.5722058505985134,Combo
PAReLU,AdamW+RAdam,5,0.5132174836407634,Combo
PAReLU,AdamW+RAdam,6,0.4177060004915822,Combo
PAReLU,AdamW+RAdam,7,0.3443952170772618,Combo
PAReLU,AdamW+RAdam,8,0.2882591196426892,Combo
PAReLU,AdamW+RAdam,9,0.2528439625852211,Combo
PAReLU,AdamW+RAdam,10,0.2539078090967498,Combo
PAReLU,SGD+Adam+RAdam,1,0.868717894658911,Combo
PAReLU,SGD+Adam+RAdam,2,0.7756685361124237,Combo
PAReLU,SGD+Adam+RAdam,3,0.6345777825988452,Combo
PAReLU,SGD+Adam+RAdam,4,0.5864477562449542,Combo
PAReLU,SGD+Adam+RAdam,5,0.5287578669205594,Combo
PAReLU,SGD+Adam+RAdam,6,0.43987026132652346,Combo
PAReLU,SGD+Adam+RAdam,7,0.41209218956497545,Combo
PAReLU,SGD+Adam+RAdam,8,0.29624711464323683,Combo
PAReLU,SGD+Adam+RAdam,9,0.2444844742446506,Combo
PAReLU,SGD+Adam+RAdam,10,0.33160748360819325,Combo
DynamicSwish,SGD+Adam,1,0.9356047064745151,Combo
DynamicSwish,SGD+Adam,2,0.7936161442069432,Combo
DynamicSwish,SGD+Adam,3,0.6245875543077617,Combo
DynamicSwish,SGD+Adam,4,0.5299689381467396,Combo
DynamicSwish,SGD+Adam,5,0.5179824441754431,Combo
DynamicSwish,SGD+Adam,6,0.3832019397786446,Combo
DynamicSwish,SGD+Adam,7,0.3882616090919905,Combo
DynamicSwish,SGD+Adam,8,0.2833383448987349,Combo
DynamicSwish,SGD+Adam,9,0.36465730656035533,Combo
DynamicSwish,SGD+Adam,10,0.22908718647416706,Combo
DynamicSwish,AdamW+RAdam,1,0.8938540098267813,Combo
DynamicSwish,AdamW+RAdam,2,0.8231486380346431,Combo
DynamicSwish,AdamW+RAdam,3,0.6782033476212063,Combo
DynamicSwish,AdamW+RAdam,4,0.6492653206913468,Combo
DynamicSwish,AdamW+RAdam,5,0.4670183839652245,Combo
DynamicSwish,AdamW+RAdam,6,0.46186369120453663,Combo
DynamicSwish,AdamW+RAdam,7,0.3825833638664376,Combo
DynamicSwish,AdamW+RAdam,8,0.3111367885394352,Combo
DynamicSwish,AdamW+RAdam,9,0.25457260877123516,Combo
DynamicSwish,AdamW+RAdam,10,0.2855021087786106,Combo
DynamicSwish,SGD+Adam+RAdam,1,0.8621755934265118,Combo
DynamicSwish,SGD+Adam+RAdam,2,0.7770413602218942,Combo
DynamicSwish,SGD+Adam+RAdam,3,0.6914822269365142,Combo
DynamicSwish,SGD+Adam+RAdam,4,0.6043727341213627,Combo
DynamicSwish,SGD+Adam+RAdam,5,0.5264013576857463,Combo
DynamicSwish,SGD+Adam+RAdam,6,0.433089439793115,Combo
DynamicSwish,SGD+Adam+RAdam,7,0.382564426907928,Combo
DynamicSwish,SGD+Adam+RAdam,8,0.3094855070328529,Combo
DynamicSwish,SGD+Adam+RAdam,9,0.26921398310794786,Combo
DynamicSwish,SGD+Adam+RAdam,10,0.29041453196700023,Combo
AdaptiveGELUMish,SGD+Adam,1,0.8721324706125549,Combo
AdaptiveGELUMish,SGD+Adam,2,0.7432180366827937,Combo
AdaptiveGELUMish,SGD+Adam,3,0.6519194578686923,Combo
AdaptiveGELUMish,SGD+Adam,4,0.5824091210634482,Combo
AdaptiveGELUMish,SGD+Adam,5,0.5148890047401711,Combo
AdaptiveGELUMish,SGD+Adam,6,0.42828620594874606,Combo
AdaptiveGELUMish,SGD+Adam,7,0.42288257483304803,Combo
AdaptiveGELUMish,SGD+Adam,8,0.38696213327679235,Combo
AdaptiveGELUMish,SGD+Adam,9,0.32112250293093814,Combo
AdaptiveGELUMish,SGD+Adam,10,0.2554314734617668,Combo
AdaptiveGELUMish,AdamW+RAdam,1,0.9349421805162004,Combo
AdaptiveGELUMish,AdamW+RAdam,2,0.7518620148051225,Combo
AdaptiveGELUMish,AdamW+RAdam,3,0.6771908465131764,Combo
AdaptiveGELUMish,AdamW+RAdam,4,0.603570436162167,Combo
AdaptiveGELUMish,AdamW+RAdam,5,0.5228341772333639,Combo
AdaptiveGELUMish,AdamW+RAdam,6,0.3747949539610495,Combo
AdaptiveGELUMish,AdamW+RAdam,7,0.4060879127797336,Combo
AdaptiveGELUMish,AdamW+RAdam,8,0.33220619911317145,Combo
AdaptiveGELUMish,AdamW+RAdam,9,0.2788950028198792,Combo
AdaptiveGELUMish,AdamW+RAdam,10,0.2579482632146446,Combo
AdaptiveGELUMish,SGD+Adam+RAdam,1,0.9380723962820952,Combo
AdaptiveGELUMish,SGD+Adam+RAdam,2,0.7798020817524228,Combo
AdaptiveGELUMish,SGD+Adam+RAdam,3,0.6359286470728248,Combo
AdaptiveGELUMish,SGD+Adam+RAdam,4,0.5435581679741097,Combo
AdaptiveGELUMish,SGD+Adam+RAdam,5,0.4631624926611942,Combo
AdaptiveGELUMish,SGD+Adam+RAdam,6,0.4655610335331231,Combo
AdaptiveGELUMish,SGD+Adam+RAdam,7,0.4056631559210221,Combo
AdaptiveGELUMish,SGD+Adam+RAdam,8,0.37068261288375826,Combo
AdaptiveGELUMish,SGD+Adam+RAdam,9,0.34807146515801085,Combo
AdaptiveGELUMish,SGD+Adam+RAdam,10,0.27789325501011913,Combo
